review,polarity,sentiment
one of the popular campuses in malang the people are friendly and the facilities are quite complete but here the distance between the buildings is quite far if you move from class to another building it feels really tiring the trees are still lacking and the downside is still,0.275,Positive
i visited here to take my sister to study here many of my teachers study here hopefully we will produce many graduates who will be of great benefit to the nation the campus is cool spacious neatly arranged,0.5375,Positive
the clean campus is cool and nice for hanging out in the hallway,0.4388888888888889,Positive
sunday morning try going for a morning walk with your wife in a beautiful clean environment with lots of very shady trees inside nice clean fresh air,0.3597222222222222,Positive
the vocational faculty is still new and needs to be managed properly and correctly according to procedures in applied sciences according to the regulations of the ministry of education and culture hopefully it will continue to work in a way that is beneficial to its graduates,0.14545454545454545,Positive
one of ptn bh's favorite campuses and the best educational campus in east java,0.5833333333333334,Positive
an environmentally friendly place to study you can harvest large quantities of juwet mangoes jackfruit hahahahhaa there are lots of trees so they are very fresh,0.32642857142857146,Positive
complete facilities good service and calm atmosphere,0.3666666666666667,Positive
a beautiful view especially when the flowers are blooming,0.425,Positive
the place is comfortable shady which i like the most when i enter the toilet wow the smell of the room is very clean,0.1988888888888889,Positive
the campus is good the education is also good the facilities are quite complete the lecturers are also quite good i really like it when there are events at gracak this campus is good um this is one of my favorite campuses in east java,0.5142857142857143,Positive
all departments are ok the modern classic university building makes it fresh it won't hurt if one day you come here i personally am very proud to visit this um,0.4333333333333333,Positive
i like to spend my free time on campus there are lots of spots to sit and do work the rectorate building don't ask it's nice it's clean and the mosque makes you feel at home there for a long time,0.32916666666666666,Positive
really nice place comfortable complete facilities and lots of cool new buildings students study with enthusiasm and really achieve your dreams by taking advantage of the knowledge from the lecturers to achieve success,0.29805194805194807,Positive
the campus is spacious now there are lots of new buildings the parking area is comfortable there are lots of trees the lectures are also nice the campus environment supports the learning process now there are lots of new facilities which really help there are lots of innovations and updates to the lecture system which makes things easier for students too,0.2945454545454545,Positive
uk is getting better day by day and new buildings are being built the facilities are more complete the classrooms are now better the campus is cool the library is clean and comfortable,0.3566287878787879,Positive
i study here the place is comfortable and beautiful the best classroom i have ever stayed in namely at gkb,0.75,Positive
the atmosphere on campus is very pleasant cool green meeting friendly people,0.3695833333333333,Positive
malang state university is very good in every aspect starting from educational equipment supporting education even the environment is very supportive of teaching and learning activities incidentally i am currently carrying out an internship program,0.3433333333333333,Positive
the place is really beautiful there are lots of trees inside construction continues to be carried out to create a nice and comfortable campus for students the strategic location is comfortable and safe especially in the graha horizon building which is often used for big events like concerts seminars and vaccine events like the picture i attached here hehehe,0.39285714285714285,Positive
one of the best state campuses in malang east java and in indonesia the top department is teachers there are also other top departments and even the top one namely english literature the campus is very wide in and out of stnk,0.32071428571428573,Positive
um is a tertiary institution within the ministry of education and culture under the guidance of the directorate general of higher education located in the city of malang and the city of blitar east java province,0.15000000000000002,Positive
car free day why does it have to be on friday which hinders and makes it difficult for those who want to pray on friday shift it to saturday and sunday it's also a day that's okay,0.13333333333333333,Positive
a campus that is always longed for by alumni to continue their studies to a higher level postgraduate,0.25,Positive
the campus is spacious the atmosphere is shady and access to good locations the layout is good and there is a rectorate house building which is usually used as a photo spot for students,0.22499999999999998,Positive
after the pandemic many facilities and infrastructure have been repaired and the mosque has been added to be better there are several courses packaged with fun lecturers who are competent in their fields,0.36,Positive
one of the state universities in the city of malang the campus area is spacious and beautiful because there are many green areas and parks on campus the facilities are also complete to support student needs,0.31250000000000006,Positive
i'm so happy to have been a student um all the memories during college are very memorable um hopefully you will progress further,0.4833333333333334,Positive
feel happy to be part of one of the visionary campuses,0.8,Positive
the spacious campus is clean and shady the learning atmosphere is cool grateful to be able to study here,0.24166666666666667,Positive
a place to study with adequate facilities and infrastructure,0.3333333333333333,Positive
malang state university's mandarin language center is one of the service sectors that you can use to learn mandarin the building is located at the gate of jalan semarang precisely behind the relations building,-0.25,Negative
learning campus here i learn the meaning of friendship integrity loyalty and friend loyalty welcome to joining the lpdp um,0.8,Positive
the malang state university museum building is an old ikip building which was inaugurated in 1995 by muhammad yamin and zainoel arifin currently the museum is closed and not open to the public because there are still several things that need to be repaired one of which is that the road around the museum is still full of potholes,0.049999999999999996,Positive
the printing campus has lots of educators and now there are also lots of professional staff the place is spacious and beautiful lots of places to chat and discuss lots of instagrammable photo spots,0.475,Positive
spacious space of green vibes perfect for a stroll but don't expecting many activity,0.43333333333333335,Positive
um is one of the state universities in east java that educates prospective teachers who are reliable and skilled construction at this time of rapid development of joint lecture buildings and science fiction buildings is a big project that is being worked on currently there is also a postgraduate program,0.16666666666666666,Positive
the campus area is so wide that it can be accessed from all directions one of the best educational campuses in malang city many achievements both academic and nonacademic have been achieved it has a very large auditorium hall which can be used for performance events,0.3214285714285714,Positive
malang state university one of the top universities in east java is suitable for those of you who want to study in the field of education and dream of becoming an unsung hero the choice of majors is also very complete just look at the website,0.4075,Positive
we hope that the proud campus will remain successful and be able to contribute to this country because many national education figures were born from here,0.6375,Positive
this used to be my playground during my childhood somehow my first daughter got her engineering title here yesterday thursday august alhamdulillah,0.25,Positive
i did my bachelor and master degree here in education science faculty during my study period i think she is good at teaching fundamentals and principles however she needs improvement in contemporary and practical fields,0.4333333333333333,Positive
it is still beautiful even though many new buildings have been built including the rectorate building which is also new and more modern whether the old rectorate building is being used or now every saturday there is a car free day so for motorized vehicles on the road,0.3528409090909091,Positive
superior and quality campus new and comfortable buildings,0.4121212121212121,Positive
my beloved alma mater continues to improve and become very good accompanying my beloved wife sempro in february,0.7699999999999999,Positive
i often pass through here the cleanliness is maintained and the environment is very beautiful lots of cute cats that look wellgroomed roaming around,0.75,Positive
the university is really good it's really wide the university is really cool,0.31666666666666665,Positive
aq university is the best of the best close to home so you never have to stay in a boarding house if you need a boarding house you can contact me,1.0,Positive
from alumni to our beloved campus because the building facilities and looks are starting to improve don't underestimate the bathroom facilities because that's the most important thing,0.4,Positive
it is located in the middle of malang city close to brawijaya university the campus atmosphere is beautiful and conducive the facilities available are graha horizon swimming pool volleyball court football stadium tennis court indoor tennis court basketball court mosque large parking area,0.36607142857142855,Positive
a campus that produces educators there are lots of things you can do here apart from studying active students can enjoy wifi facilities if the campus is quiet usually the high speed in certain spots is quite good,0.15585034013605442,Positive
in the past it was a dream campus because it really suited the major it was located in the education block in malang city next to man malang brawijaya university smpn malang smkn malang and wearnes education center,-0.017499999999999998,Negative
several years ago i became a student at this campus with the informatics engineering study program and i got a lot of new experiences on this campus great lecturers and friends who were full of stories and the campus facilities were very adequate for students,0.34393939393939393,Positive
the campus is beautiful lots of trees here and there the classrooms are also comfortable lots of improvements and development here and there hopefully it will continue to progress beloved um,0.65,Positive
a comfortable campus for studying the atmosphere is pleasant the residents are friendly,0.5027777777777778,Positive
malang state university is one of the leading universities in malang this university has many supporting facilities this university is actually more aimed at those who are interested in the field of education,0.375,Positive
a campus that provides a lot of experience for its students i am one of the students at malang state university who is currently carrying out an internship program at gm academy malang armed with the knowledge from college i can carry out my internship smoothly,0.2,Positive
the campus in the park still has lots of trees which make it cool which is very suitable for prospective teachers but there are still nonteaching programs,0.5325,Positive
one of the best universities in malang conducive atmosphere for teaching and learning many new and magnificent buildings complete facilities free wifi friendly staff service underground parking lots of green open space quite areas,0.3679292929292929,Positive
good vibes reminds me of my old days quiet and peaceful environment renovated buildings and sites,0.26249999999999996,Positive
this beloved campus the mosque is also very good,0.8049999999999999,Positive
a tertiary institution that is classified as wellestablished so that over time the study programs managed by doeloe university are becoming more complete and are included in the pioneer program iv of teacher training colleges,0.35000000000000003,Positive
the beautiful campus has lots of big trees which are still protected by the chirping of local birds which are very melodious so that they remain sustainable,0.2625,Positive
a university that is able to produce students and educators who are competent and well structured i am one of the students at malang state university and coincidentally am currently interning at gm academy malang,0.3333333333333333,Positive
one of the best state campuses in malang and many of its lecturers and officers are students thanks for their trust in teacher jojoe,0.5666666666666667,Positive
i highly recommend sitting and relaxing in the trapezoidal hall for those who like green hehe it's cool,0.10333333333333332,Positive
the leading and most popular university in malang the rectorate building to take care of needs from administration to finance,0.55,Positive
after a long pandemic and starting from june every friday car free day is active again and vehicles are parked in the parking lot on the edge of the campus area um,0.054166666666666675,Positive
our beloved campus provides many provisions for sharing knowledge with the community,0.6,Positive
my beloved university which has an old building with floors without lifts many of the faculty facilities are damaged but as time goes on it becomes more and more expensive to take care of scholarships and the decline in tuition is difficult no luck keep moving forward my beloved,0.24999999999999997,Positive
one of the universities that many prospective students go to from the city of malang to outside the city and even outside the island you could say that this malang state university's tuition fees are not as expensive as other campuses in the city of malang,-0.025,Negative
the university is really cool i'm a new student here btw the aspect is really good the rating is good give five stars and likes,0.47159090909090906,Positive
the educational campus in malang city is strategically located in the campus area,0.25,Positive
my sister studies here she says the place is comfortable so i want to study at malang state university but unfortunately i'm still in junior high school so i'm still waiting for a while,0.020000000000000007,Positive
good cool great,0.6166666666666666,Positive
one of the famous state universities in the city of malang dh ikip negeri malang,0.5,Positive
the memory campus is now truly extraordinary the construction is even more magnificent,0.611111111111111,Positive
one of the most famous universities in east java in the cold city of malang,0.13333333333333333,Positive
one of the best universities in indonesia was originally the ikip teaching institute which changed its status to a university but is still a reference in large and luxurious teacher education with international achievements,0.39732142857142855,Positive
a good state campus clean shady cool comfortable,0.3133333333333333,Positive
large campus complex with quite a lot of students coming from various regions,-0.02857142857142857,Negative
i am an alumni of the campus the campus is good this year there are lots of new and good buildings continued success for my beloved campus,0.5072727272727272,Positive
the campus is extraordinary it feels great to be able to study at this university especially since the people in the literature faculty are very proud to have studied at um,0.5266666666666666,Positive
one of the most popular campuses in malang and the best campus,0.7000000000000001,Positive
one of the wellknown and largest state universities in the city of malang east java is one of the main destinations for prospective students from various regions of indonesia who want to continue their studies in the city of malang,0.08333333333333333,Positive
malang love fest show here in june the venue is not good for music the sound is booming and bouncy sorry,0.012500000000000011,Positive
beautiful place to study lots of photo spots with natural nuances,0.475,Positive
the lecturers are very professional and knowledgeable the location is also okay the building is nice,0.41,Positive
a favorite campus where many people study the place is beautiful clean and the tuition fees are affordable,0.5541666666666667,Positive
i studied here it is the greenest freshest comfortable place for learning the main library gave the perfect nuance for reading calm cool the smell of old books i miss you um,0.3861111111111111,Positive
the path leading to the front gate of matos is clean and there are places to sit,0.3666666666666667,Positive
new rectorate building to take care of accreditation of departments and universities on the floor of malang state university y,0.13636363636363635,Positive
strategic location comfortable complete facilities,0.25,Positive
the best educational campus in indonesia,0.625,Positive
the learning is really fun the lecturers are fun the campus facilities are really good etc,0.4333333333333333,Positive
as soon as you enter the campus area the aroma of the world of education is warm for anyone to gain as much knowledge as possible once you feel the world of education and knowledge is so vast it's never too late to claim,0.1,Positive
what do you write in the brochure what will the policy be tomorrow please provide proper information about education costs in detail this doesn't seem to change when it's uploaded so the information is confusing,-0.15,Negative
the campus area is quite shady there are directions at every corner every day student activity begins to appear after a long pandemic facetoface discussions begin to grow,-0.15,Negative
a very appropriate choice for high school or ma graduates who want to continue their s program and the system is really top not only s or s the lecturers and rectorxa are all cool too,0.332,Positive
one of the favorite state universities in malang the senior campus which was originally devoted to producing teachers since becoming a university has become more advanced and much sought after,0.40416666666666673,Positive
the campus is clean and tidy the parking area is spacious the road access is easy and there are many entrances to the university when we visited it was a campus holiday when we asked the security guards for several locations they always missed there were still many security guards who didn't know the location of several offices there,0.34285714285714286,Positive
the only campus that produces the maximum teaching staff in the city of mlg with a large area sufficient to support a wellequipped building with dedicated lecturers and high level of human resources,0.09357142857142857,Positive
state campus in malang raya with many learning programs offered ranging from education to pure sciences the campus is very spacious comfortable and clean always developing and trying to keep up with developments the campus facilities are very adequate and up to date,0.35238095238095246,Positive
malang university is a bit spacious and a bit dirty with high individualism campus streets,-0.21999999999999997,Negative
state university of malang strategic campus in the middle of malang city the students are friendly and the buildings are easy to reach,0.26944444444444443,Positive
four years of studying here on a campus that was beyond my expectations before i became a student i thought the world of college was cruel and not as beautiful as ftv it's true that college isn't as beautiful as ftv but the experience of learning at,0.26249999999999996,Positive
one of the best universities in indonesia based on the ranking of the ministry of research technology and higher education,0.625,Positive
the best campuses for education in malang hopefully it will always be successful,0.875,Positive
it's a really cool place to come here because we're holding vaccines because it's bhayangkara's birthday,0.35,Positive
since the chancellor changed his holidays it's been very fast other universities have been on holiday um other universities haven't started yet um they've started,0.003333333333333336,Positive
malang state university campus is good and comfortable for studying,0.55,Positive
for those of you who are coming to school for the first time and don't yet know the way please ask first at the security guard guarding the gate or at the security post to the left of the entrance on jalan semarang fyi this is the main gate on jalan langit jalan veteran dpn,0.13333333333333333,Positive
campus suitable for education majors,0.55,Positive
clean and comfortable as a place to study,0.38333333333333336,Positive
one of the favorite campuses in the city of malang the atmosphere is nice and cool,0.4833333333333334,Positive
vision to become a superior university and a reference for science and technology as well,0.7,Positive
one of the best state campuses in the city of malang the place is very spacious usually used for jogging in the morning and small children playing on bicycles in the afternoon complete facilities where my brother studies,0.15999999999999998,Positive
the state university with the largest area in the city of malang since the beginning of the covid pandemic until now has experienced major changes because there has been a lot of construction starting from the library building the new college building the new rectorate building to the most recent being the construction of the ormawa or ukm secretariat building which was just inaugurated this year,0.23360389610389612,Positive
i'm still waiting for my unpaid salary because this is my right as an alumni i really regret this,0.22857142857142856,Positive
the campus is good the people are friendly the facilities are good,0.5916666666666667,Positive
the road is easy to access the entrance gate is via jl semarang,0.43333333333333335,Positive
malang state university campus was usually known as ikip malang in the past now it is called um not unm umm let alone unema,-0.25,Negative
um educating and suddenly hopefully i can enter the top indonesian ptn,0.25,Positive
um a legendary university that always keeps up with the times there are medical and vocational faculties,0.43333333333333335,Positive
"yuem it's educational and suddenly the dream campus of many people if you just stick to it it will be mistaken for a muhammadiyah university if not an independent university"" for those who are doing their thesis keep it up hopefully it goes well",0.1875,Positive
the campus is better than the old one because new buildings are starting to be built although besides that it gets a little hotter because of the lack of trees around the rectorate roundabout used to be shady when there was still a green park,0.014123376623376618,Positive
the best teaching campus in indonesia alumni spread throughout the country with an undoubted reputation,1.0,Positive
beloved campus hopefully the ukt won't rise again for the next class,0.35,Positive
this state university is located in the city of malang there is a main gate for the majors available at um which are very varied and are one of the best universities,0.44166666666666665,Positive
its development is really rapid to become a leading university in indonesia,0.2,Positive
the mosque and prayer facilities are very comfortable,0.52,Positive
please improve the service the hospitality is good after getting unpleasant service at gkb a one of the officers belittled me thought i was still a student after finding out i was an alumni just kept quiet please improve it again,0.01666666666666668,Positive
my younger sister is entering here for the final semester and doesn't want to continue because she broke up with her boyfriend even though in the past the scholarship for admission was a hope for her younger sibling because her younger sibling couldn't go to college because of the costs,-0.05,Negative
one of the oldest universities in the city of malang unfortunately many of the historic buildings have been demolished to become new more comfortable and sophisticated buildings for the lecture process,0.33939393939393936,Positive
beloved campus hopefully it will be more advanced and produce quality graduates at the fic fmipa fis fip fs faculty,0.5333333333333333,Positive
very clear and accurate in providing information,0.26500000000000007,Positive
a comfortable place to relax and recreate,0.4,Positive
one of the best universities in indonesia especially in the field of producing prospective teachers who will educate the nation's future successors hopefully they can continue to develop the potential of this nation's children to be able to build this country better in all aspects of life greetings in the loop,0.3333333333333333,Positive
steady place full of struggle,0.2583333333333333,Positive
a state campus with local wisdom typical of malang people the place is quite easy to find and each building is given a building code so it's not confusing for a oneway street also given a thank you sign for the year if you still have the opportunity i hope you can still study at this campus,0.10416666666666669,Positive
beloved campus haha the most popular teaching staff in blitar even though it's just a place to study here to register and so on you still have to go to the main campus in malang city,0.4333333333333333,Positive
one of the campuses that produces reliable teaching staff in east java and in malang especially in the middle of the city i haven't visited here for a long time now the rectorate building stands majestically complementing the horizon building which previously existed which could become a landmark and a source of pride for students and alumni,-0.05416666666666667,Negative
one of the best state universities in indonesia there are eight faculties namely the faculty of educational sciences fp literature faculty fs mathematics and natural sciences faculty fmipa economics faculty fe faculty of engineering,0.45,Positive
from the ambarawa gate it's a bit remote but easy to find the benchmark is in front of malang town square,0.16666666666666669,Positive
the campus is beautiful and beautiful lots of photo spots too,0.85,Positive
um is a tertiary institution within the ministry of education and culture under the guidance of the directorate general of higher education located in the city of malang and the city of blitar east java province,0.15000000000000002,Positive
the ikip malang campus which has now turned into a malang state university has been able to provide commendable character to its alumni as well as a high sense of selfconfidence that's what i feel,0.33,Positive
i'm just taking a walk near the horizon house,0.1,Positive
to support the activities of the academic community in carrying out their daily duties on campus it is absolutely necessary to have several public facilities the availability of these public facilities is of course expected to facilitate the tasks carried out,-0.014285714285714287,Negative
one of the best state universities in indonesia with majors in education and pure sciences s and s levels available at malang state university don't hesitate to be part of the big family um,0.4035714285714286,Positive
this college has given me the confidence i need state university of malang um i love um,0.5,Positive
the place is clean and especially the people are friendly finally they agreed to do activities together but parking is difficult,0.04833333333333334,Positive
great university,0.8,Positive
it's definitely cool as an odd semester graduate i'm happy with the progress of the development of my beloved alma mater tengkyu to develop this cool beloved um,0.45555555555555555,Positive
this university is quite prestigious in east java and the place is also quite comfortable with the air in malang which is not too hot this university also has a good reputation in the field of education the prices of food and accommodation around the campus are not too expensive,0.21250000000000002,Positive
one of the state universities in the city of malang a very high quality campus has a faculty has many departments there is a d s s study program apart from that there are also other educational programs tuition fees include standard if,0.1666,Positive
"malang state university as an educational campus continues to show innovation and progress in campus branding this year namely starting the rebranding stage from ""the learning university"" to ""excellence""",0.125,Positive
clean comfortable and fun to study,0.35555555555555557,Positive
very good worthy of being included in the top ranks of the indo unm and ub joss malang campuses,0.581111111111111,Positive
the campus is very beautiful and cool even though it is in the middle of malang city center it is very suitable for studying because the cool place makes the mind calm and can make the mind concentrate,0.3735714285714286,Positive
the second largest state university in the city of malang i had the opportunity to get education here for bachelor's and master's degrees now it's more comfortable with wifi access which is easy to get in every corner of the campus,0.33333333333333337,Positive
my campus is the best,1.0,Positive
a quiet campus how can it not be after afternoon hours it's quiet there are no learning activities it's rare only certain majors can enter this campus using private vehicles don't forget to bring a letter because it will,0.0857142857142857,Positive
there are many faculties and if you take the education sector it is very good here the library is quite complete wifi is available in almost every campus area there are many special areas for wheelchair users too,0.4611904761904762,Positive
one of the leading universities in the city of malang i am also an alumni of unm i like to go to unm on weekends to jog with my family the environment is beautiful and lush with trees but unfortunately on weekends there is a lot of rubbish strewn around,0.15,Positive
this campus is a dream campus apart from its natural and beautiful environment the learning process here really supports students to develop further because of the high level of educational staff and comfortable environment,0.27999999999999997,Positive
this campus was previously known as ikip malang and was very popular i also studied literature at this campus this campus has the tagline the learning university which means that this campus is expected to become a campus,0.17111111111111113,Positive
this building has actually just been renovated along with the rectorate building if you look at the results of the renovation it is relatively good simple but for now what is lacking for me is that the surrounding environment is relatively lacking in trees so it seems hot and stifling,0.19,Positive
i am one of the alumni and in my opinion the service at the um rectorate is getting better it's just that maybe the service at the faculty needs to be improved again,0.5,Positive
the campus is spacious and beautiful the entrance gate is good when it runs a half day workshop at the beginning of april the learning activities are good the students are dynamic they are active and ask questions during question time,0.32499999999999996,Positive
the best campus to gain knowledge with a very quiet and cool place,0.45,Positive
for old buildings without lifts it's very tiring if you have to go up and down stairs there are lots of parks lots of parking and it's clean but at certain points like the sme village rubbish everywhere might need to be added more tables and chairs because the hallways are always full,0.22505668934240367,Positive
malang state university usually abbreviated as um is a teacher training campus that carries out tri dharma higher education activities in the educational and noneducational fields um has faculties and postgraduate programs with,0.08333333333333333,Positive
best and affordable university in malang east java with various majorsdepartementfaculty,0.5,Positive
campus where to seek knowledge during professional and graduate education,0.1,Positive
a place to gain knowledge and experience as a provision that is able to guarantee diversity and togetherness in life with a background of culture ethnicity religion race all of which are different but still one environment created within um very extraordinarily democratic and very nationalistic bravo um your name will be fragrant throughout the ages,0.2833333333333333,Positive
malang state university which was previously called ikip malang has not faded from any perspective we alumni of this institution feel that we have gained many things independently and guided by educational experts who are truly,0.14583333333333334,Positive
good atmosphere with cool air plus lots of big trees malang state university abbreviated as it is a state university located in malang and blitar east java indonesia a university founded,0.3499999999999999,Positive
the new mosque toilets are less syar'i and have low privacy,-0.010101010101010102,Negative
my second home the best place to study and share knowledge it's library is one of the biggest libraries in southeast asia the english department and several other departments are the best ones in indonesia not a university student,0.3125,Positive
malang state university is one of the universities that has complete facilities and supports learning,0.1,Positive
changes to the tuition fee policy which should change to full for students in the final semester,0.175,Positive
one of the large campuses in the city of malang which has more than thirty thousand students with eight faculties consisting of various study programs or d has an entrance gate namely on jalan surabaya semarang veteran and ambarawa,0.17857142857142858,Positive
i used to study here in the first year this campus was called ikip since changing universities there are many noneducation majors the campus area tends to be shady because there are lots of big trees,0.125,Positive
the campus which used to be ikip malang is now home to several faculties such as engineering and economics faculties and so on al hikmah mosque is also very spacious and cool the location of the campus is very spacious and until now it is still continuing to improve and build,0.15,Positive
even though i've still been here for a few years i'm very grateful to be able to experience the pleasure of studying at this campus i learned a lot of things here so i remember my first experience of doing business here,0.1875,Positive
a cool dignified campus that really emphasizes the character of its students is recommended,0.275,Positive
green campus the building is nice and clean the mosque is nice clean and spacious,0.3466666666666667,Positive
one day this university will become a world reference because god willing it will succeed in combining religious knowledge science and local wisdom in the world of education,0.08333333333333333,Positive
proud to be an alumnus um can prove that um can progress and compete with good campuses like ui ugm ub unair unpad ipb,0.75,Positive
the campus has adequate facilities for use by students and lecturers alike i want to ask where the gym on campus is um where is it,0.3333333333333333,Positive
the place is beautiful and cool the parking area is spacious the location is very strategic lots of cheap student hangout locations the lecture buildings are pretty clean,0.40277777777777773,Positive
you can get there at night the gates of semarang are always open early in the morning it's best for jogging from the a horizon building area if it's friday it's good you can find a free day the mosque is comfortable and nice if it's dry it feels like autumn abroad because the ketapang tree at the mosque is deciduous with yellow and red leaves,0.31333333333333335,Positive
"campus that produces ""unsung heroes"" a spacious and ecological campus one of the wellknown state campuses and can be an additional reference for campus choices",0.4,Positive
i love um for me as a former student um studying here makes me really love the environment um like my own home all the memories contained here will never be forgotten,0.4,Positive
one of the large universities in malang with a relatively large number of students students from various regions in indonesia lots of departments that have relatively magnificent buildings with relatively complete facilities hopefully they will continue to play a role in educating the nation and advancing our beloved country indonesia,0.37142857142857144,Positive
malang state university is a favorite campus for excellent education which is capable of producing quality educators whose slogan is the learning university,0.5666666666666667,Positive
my wife's university now has many of its buildings built bigger and neater especially the mosque,0.16666666666666666,Positive
at first i was just taking part in this mandarin language learning program for fun but it turned out that after joining i became addicted to the class the class was comfortable lao shi was friendly the learning process used the lecture method but i was still excited because i was really learning,0.21428571428571427,Positive
increasingly advanced and modern services especially to alumni who take care of files very well,0.2,Positive
one of the best state universities and quite old since the time of ikip malang until it changed its name to state university of malang in the past only faculties have now increased because fic stands alone including psychology which previously joined fip,0.1366666666666667,Positive
a place that has always had fun stories for four years,0.3,Positive
the place is comfortable,0.4,Positive
there have been comparative studies here the infrastructure facilities are quite advanced what is lacking is the technological updates of the infrastructure facilities,0.4,Positive
the campus is comfortable and shady suitable for learning lectures the security guards are friendly and the environment is very conducive the buildings are clean,0.27361111111111114,Positive
one of the leading state universities in indonesia used to be ikip malang and is now a malang state university apart from the teaching department now there is also a science department hopefully it will be more advanced and make a big contribution to education in indonesia,0.3,Positive
here you can get the knowledge to become the best teacher thank you to the entire academic community which used to be known as ikip malang,0.3333333333333333,Positive
the new building is beautiful to look at there is a flower garden unique beautiful good job the work of an extraordinary architect top selfie here gives a different impression,0.4680871212121212,Positive
it is getting better and better organized but in the rectorate area it is extremely hot the car parking area has no shade,0.4166666666666667,Positive
malang state university or what is usually known as um but people think that um is muhammadiyah university of malang which is one of the state universities located in the city of malang before it was called malang state university,-0.25,Negative
please we hope that the server will be enlarged again so that students don't have difficulty filling out the study plan card development has been realized well but it would be better if the server were enlarged first,0.375,Positive
state university of malang abbreviated as um is a state university located in malang and blitar east java indonesia this university which was founded in october was previously called ptpg malang and then ikip malang which makes it one of the oldest ikips in indonesia,-0.16666666666666666,Negative
the dream campus has a very large area,0.2785714285714286,Positive
the campus is shady with lots of trees and gazebos for doing assignments or relaxing but there are several places that are dirty and unkempt there are also several piles of rubbish in the corners of the campus,-0.2125,Negative
the place is beautiful lots of trees the meeting place the wide horizon building can accommodate more than a thousand people but unfortunately there aren't enough bathrooms so you have to queue for a long time to go to the bathroom,0.11666666666666665,Positive
the campus is clean and beautiful the buildings are good the service is excellent the main thing is great,0.6472222222222223,Positive
studying at malang state university is very impressive especially with a conducive learning atmosphere i feel comfortable with the quality of learning at this place as the slogan says the learning university malang state university is more,0.475,Positive
malang state university is a nice and beautiful place and the buildings are also nice and tall really a dream university for prospective students,0.5625,Positive
magnificent and beautiful complete facilities bro,0.65,Positive
a state educational campus with a accreditation has complete facilities with good facilities cheaper tuition fees a multitude of academic achievements achieved by its students,0.26249999999999996,Positive
i hope i can continue my studies here god willing,0.25,Positive
one of the best campuses in indonesia in the field of education both master's and doctoral diplomas,1.0,Positive
one of the unique museums because it is a learning museum located inside the state university of malang located near the east gate and close to the central building of the state university of malang if you go there there will be a roundabout then the exit will be next to it,0.11875,Positive
"the service was very satisfying this was the first time i entered the rectorate the service was friendly""",0.425,Positive
back when ikip malang was an english language educational institution that once held the title of best in southeast asia,0.3125,Positive
the facilities layout and environment are good many offices have provided special lanes for people with disabilities the streets are quite shady,0.3267857142857143,Positive
um or malang state university is one of the state universities that used to have the status of ikip malang now um it has become one of the favorite universities in indonesia many students from outside java specifically from the eastern part choose to undergo higher education at um malang,0.3125,Positive
the window view from the rektorat building is amazing,0.6000000000000001,Positive
increasingly extraordinary,0.3333333333333333,Positive
previously a place to study now a place to apply knowledge,-0.16666666666666666,Negative
um is one of the state universities in malang um campus is located on jl semarang no one of the best educational campuses in indonesia,0.625,Positive
my class who graduated from sma is also at this um this is a suitable university for you this qum class is really good this is really desirable for alumni who want to continue to this um,0.48333333333333334,Positive
recommended for a place to study at college in this city the location is close to other campuses ub unmer widya karya etc via public transportation al adl at etc easy to access and the tuition fees are affordable previously mario was also determined to study here in english literature,0.02833333333333334,Positive
even though i've only been there once the impression i got was very good during the kcl activities some of the lecturers and staff we met were very friendly and the knowledge they conveyed felt very useful for us,0.446875,Positive
those who want to become teaching staff lecturers are very suitable to enter this campus because the teaching staff who graduated from malang state university are always of high quality apart from that there are many choices of departments and faculties,0.4583333333333333,Positive
the campus is full of greenery,0.35,Positive
the mosque is good maasyaallah,0.7,Positive
state university of malang abbreviated as um modern comprehensive open multicultural campus if you go to malang don't forget to come to the um campus in the middle of malang which is beautiful and comfortable for studying,0.29000000000000004,Positive
study tour to um to find out about the psychology faculty lecture process the campus is spacious cool clean the students are friendly,0.36388888888888893,Positive
our beloved physics education campus ikip malang all the beautiful memories of growing up here including love even though in the end you don't have to have it,0.6833333333333332,Positive
cool state university of malang studying at the faculty of mathematics and natural sciences majoring in chemistry is something that is fun and difficult and easy the important thing is to do it with happiness love u um,0.28541666666666665,Positive
my campus and my beloved mom um,0.7,Positive
hopefully it will always be a campus that is proud of in the city of malang and its surroundings and that every year it can graduate highquality young graduates who can compete in the world of work,0.45,Positive
the campus is spacious neatly arranged the students are also friendly and it needs to be kept clean,0.37083333333333335,Positive
malang state university one of the state universities in malang with superior quality this state university concentrates on education it is located close to the ub campus,0.7,Positive
a place to study at one of the best universities in indonesia,1.0,Positive
um the learning university is my bridge to achieving my dream of becoming a good teacher keep moving forward and giving birth to a good generation,0.6166666666666666,Positive
the education center has super comfortable facilities,0.2111111111111111,Positive
"malang state university is one of the state universities in malang east java province this university is known to many people because it has ""produced"" various teacher graduates",0.25,Positive
the campus that has made my dreams come true and inspired me to have the spirit of service from ikip dpm um,0.35,Positive
the dearest best university impressed us and of course our beloved family united with the younger generation of students to welcome the nation's progress,0.7,Positive
included in the best universities in indonesia,1.0,Positive
the beautiful campus atmosphere is comfortable for students to study,0.625,Positive
this place should has a new changing just to make it looks good enough to visit from student because too close i guess not too much people here than the library that would made people comes here if there are changes,0.2590909090909091,Positive
cool university in malang suitable for prospective students who live in malang this message is sponsored by winbet a trusted online gaming site with rupiah in indonesia,0.34545454545454546,Positive
my experience while studying at um was very enjoyable because this is where i was able to discover and learn a lot about how to socialize in a new environment learning procedures that were full of challenges,0.40909090909090906,Positive
clean and spacious better than before always successful and victorious um,0.5388888888888889,Positive
malang state university a comfortable place to study has a large beautiful campus and excellent achievements,0.6160714285714286,Positive
malang state university is located on jl surabaya no malang or jalan semarang no kota malang a campus that has many students both from indonesia and from abroad,0.5,Positive
one of the best universities in the city of malang and indonesia educates students to become skilled intelligent and highminded people who are ready to compete and compete in the world of work,0.625,Positive
comfortable campus environment close to various facilities,0.2,Positive
a place to educate and touch with all forms of love and affection,0.5,Positive
here i found a humble friend a fun friend and i even plan to make a web series if the education problem is at malang state university the gas stove is really messy um,-0.03333333333333335,Negative
state university of malang the learning university lifelong learning lifelong education,-0.1,Negative
the learning museum um the location is very strategic and easy to find a comfortable place to discuss learning or even just share experiences,0.3444444444444444,Positive
the most complicated campus never gets things right when it comes to managing data files but it's the quickest when it comes to paying,0.09523809523809523,Positive
step forward um beloved to build intelligent noble people to welcome the bright day of the glorious indonesian persada,0.7200000000000001,Positive
the environment is clean neat the toilets are not clean and smell a bit every friday there is a car free day,0.19444444444444445,Positive
there was a tense moment when taking uts one of the courses that emphasized honesty apart from that the lecturer was very disciplined bravo um,-0.06666666666666665,Negative
the place is very spacious and cool suitable for a campus that provides classes for college,0.3666666666666667,Positive
my mindset changed i found a lot of lessons and experiences from this university educated friends and a conducive environment made me comfortable and started planning my future,0.2,Positive
"""the cultural gym is one of several meeting buildings in um which is quite representative for weddings and seminars""",0.05,Positive
it's really fun to be here,0.3,Positive
state university of malang jl semarang no sumbersari malang east java um the learning university has produced many professional and reliable educational staff,0.2833333333333333,Positive
cozy campus with still a lot of space and greens which is not easy to find in nig city university modern lab equipment and teaching facility i'm quite impressed to see and feel the environment,0.19583333333333336,Positive
one of the best state campuses in the city of malang a strategic location comfortable the cost of living around the campus is still cheap,0.6,Positive
"the ""change of face"" campus which was previously ikip malang the environment is still beautiful with the pace of development easy to reach several public transportation passing through it",0.22333333333333333,Positive
state university with affordable fees lots of professional teaching staff comfortable green lighting environment,0.09999999999999999,Positive
my beloved campus is a very friendly lecturer and beloved fip canteen lady,0.6291666666666667,Positive
the best educational university in indonesia and what i like about this campus is that it has the theme 'the learning university',0.625,Positive
very spacious and cool university,0.275,Positive
at the swimming pool the sunset is nice,0.6,Positive
the campus which was previously known as ikip malang is one of the most popular state campuses,0.3111111111111111,Positive
my beloved campus god willing will graduate the semester on time cum laude,0.475,Positive
my campus is my beloved campus from s to s i studied here the campus is beautiful and really cool it's famous for its fun concerts for artists from outside the city hahaha the best um,0.4875,Positive
one of the best universities in malang,1.0,Positive
a campus called the learning university fits perfectly with its name it is a place where students are trained to become teaching staff,1.0,Positive
unfortunately it's comfortable and cool i love the atmosphere of the campus the lecturer's attitude is not as cool as the air unfortunately,0.22000000000000003,Positive
favorite and best campus,0.75,Positive
a campus that is famous for its renowned educational campus the excellent in learning innovation,0.5833333333333334,Positive
a special dream campus always produces a capable generation with lots of choices,0.2785714285714286,Positive
i have been an alumnus of this campus this year hopefully in the future i will continue to produce more and more qualified graduates,0.3333333333333333,Positive
quality lecturers with adequate facilities and infrastructure really support the learning process and student development,0.26666666666666666,Positive
um campus has a million meanings and stories of abundant knowledge about the world of education and abundant knowledge to fight in real life,0.4666666666666666,Positive
very nice place comfortable cool beautiful and shady really impressive really recommended for future students,0.41625000000000006,Positive
the lecturers are friendly the grades are not stingy but finding scholarships is quite difficult some of the class facilities are damaged,-0.0625,Negative
preparation of devotional services for um mathematics and natural sciences lecturers to bendosewu blitar thank god,0.1,Positive
at this location there is one of the healthy houses this healthy house is very helpful in many healthy therapies and the ingredients used are natural,0.38333333333333336,Positive
the campus is spacious and comfortable,0.4,Positive
a place where i studied for years and it seems like it's getting better now much different from when i was still studying,0.25,Positive
um magnificent mosque,1.0,Positive
um even more great the professor at the faculty of education was inaugurated today congratulations,0.65,Positive
clean there are directions complete facilities recommended for those who have just arrived and want to study here,0.23333333333333334,Positive
malang state university um is the second largest campus in the city of malang um the most favorite campus in malang which includes its education study programs,0.3333333333333333,Positive
a place to study hang hopes and meet lots of friends nice place the first college that comes to mind when you want to register for college,0.425,Positive
state university of malang um is a state university located in malang founded on october was previously named ikip institute for teacher training and education sciences,-0.16666666666666666,Negative
the spacious campus is clean and comfortable for carrying out learning and teaching activities,0.38333333333333336,Positive
strategic location very friendly shady and clean campus have a nice day here,0.30104166666666665,Positive
for me personally the campus um taught me the meaning of independence in my life never give up attitude and beautiful friendships,0.425,Positive
good place for volleyball i often use it with my friends it's free thanks um,0.43333333333333335,Positive
the university produces graduate candidates who are reliable and ready to compete at home and abroad it's amazing,0.4,Positive
the parking area is spacious and comfortable highly recommended for registration purposes,0.28,Positive
is it still stiff to enter the head office or the residential building and you are still not allowed to wear sandals even though ordinary people still don't understand most of it,0.011904761904761899,Positive
malang state university is an educational university that has produced an extraordinary generation of educators for a better indonesian nation,0.3611111111111111,Positive
have you ever seen a show by a national artist the building is very representative for music performances,0.2,Positive
a comfortable place to study even though new information comes out suddenly,0.1787878787878788,Positive
favorite state campus,0.5,Positive
in my opinion the university is very strategic and very spacious in my opinion it is very beautiful and looks comfortable,0.44999999999999996,Positive
beloved campus,0.7,Positive
cool complete facilities,0.22499999999999998,Positive
spacious clean comfortable,0.38333333333333336,Positive
hopefully our beloved campus will become more of a real learning university facilities will be added and we will be proud to be alumni um,0.55,Positive
a nice clean comfortable and safe campus suitable for learning facilities,0.4833333333333334,Positive
one of the best state universities in east java and indonesia with adequate educational facilities and infrastructure,0.5277777777777778,Positive
the campus is good and quite spacious,0.7,Positive
the learning university is the jargon where i studied for more or less years,0.16666666666666669,Positive
one of the best university in town more easy access more available facilities,0.5666666666666667,Positive
almost every corner of the place is filled with shady trees the yard really supports pedestrians walking around and relaxing,0.11666666666666668,Positive
firmly one of the best state universities in indonesia,0.4,Positive
i miss my friends from the fmipa canteen class the place i miss the most while looking at the unfinished house of the horizon,0.5,Positive
clean and cool because almost every side of the road there are shady trees neatly arranged,0.15555555555555556,Positive
my experience as a student at the state university of malang faculty of engineering the best university and i love it join now,0.75,Positive
leading universities with adequate facilities will hopefully be at the forefront in learning facilities and quality,0.3333333333333333,Positive
the most comfortable and appropriate place for those of you who have noble dreams of becoming a teacher highly recommended,0.43500000000000005,Positive
very effective for me as a place to gain knowledge until i became a lucky person,0.5566666666666666,Positive
the library will be available to the public only in march,0.13333333333333333,Positive
the university with the number educational subject in indonesia is great,0.29444444444444445,Positive
one of the best state run universities in this town thank you unm my child can be here,1.0,Positive
beloved campus hopefully it will be more successful in the future amen,0.4875,Positive
study becomes more active the campus atmosphere and environment makes you feel at home studying for longer,0.18333333333333335,Positive
state university of malang which is short for um so far it's good that this area has several large campuses such as unibraw itn etc,0.16904761904761903,Positive
the place is still shady there are lots of faculties there and the right place to study to become a teacher,0.01785714285714285,Positive
an excellent place to gain knowledge and create a reliable and professional young generation,0.4000000000000001,Positive
one of the big university in malang with nature park and suitable for jogging in the morning,0.275,Positive
vehicle access and spacious parking facilities comfortable places of worship suitable for learning activities,0.47500000000000003,Positive
the cool campus of graha horizon is great for the opening and closing of national level vocational school exams,0.48333333333333334,Positive
"one of the best university in indonesia the major educational technology ""a"" acreditation predicate is excellent since wooww",0.578125,Positive
beautiful complete comfortable,0.45,Positive
the place is cool and beautiful suitable for students to study and study,0.5833333333333334,Positive
the more magnificent it is the more popular it remains as a university that produces reliable teachers,0.65,Positive
universities with the best mathematics education majors,1.0,Positive
congratulations and success on your graduation from malang state university at the graha horizon building,0.3,Positive
i have cared for her since i was little and i love her like my own child i named her malika,0.30416666666666664,Positive
the most comfortable place to do assignments and thesis it's easy to focus the place is quiet there are lots of books and the wifi is smooth,0.3466666666666667,Positive
the most beautiful campus in malaysia the weather is cool there are many trees and the trees are thriving,0.55,Positive
the best teacher training campus in malang a place to gain academic and organizational knowledge,0.5,Positive
an extraordinarily clean campus i hope i can learn a lot on this campus,0.3666666666666667,Positive
it was also as popular as ikip malang as it produce thousands of teachers which spread alongside the islands of sabang till merauke,0.6,Positive
please plant a big tree in the rectorate field so it doesn't get too hot,0.125,Positive
here you can find different atmosphere and now we have new buildings graha rektorat and um garden go there,0.06818181818181818,Positive
if the sunset next to c is really beautiful it's good for photographers,0.5166666666666666,Positive
private campuses that are able to compete with other campuses,0.125,Positive
dirty not maintained but instead building another building,-0.6,Negative
one of the state universities in malang is located not far from brawijaya university and the malang town square shopping center,-0.07500000000000001,Negative
the arrangement of the new building is very good and looks elegant so it feels very comfortable,0.5165909090909091,Positive
if the place to study science is the top markotop,0.5,Positive
this doesn't seems like a university this place looks like a city park awesome place to hang ouy even if you're not a student of its,1.0,Positive
the most beautiful campus memories,0.675,Positive
complete facilities and clear directions,0.1,Positive
the comfortable beautiful cool atmosphere with lots of gardens and trees makes you feel at home inside,0.5333333333333333,Positive
produce graduates who are religiously intelligent have noble independent character and are able to develop professionally,0.4,Positive
good,0.7,Positive
a place where i get various useful knowledge and experiences um the learning university y,0.15,Positive
my campus is cool,0.35,Positive
great campus,0.8,Positive
it's considered a new spot in um and i think it's best for photoshoot i did take pictures at night here and it's amazing,0.5787878787878787,Positive
formerly known as ikip malang one of the oldest educational campuses in malang,0.125,Positive
my beloved campus with a multitude of creative and innovative achievements my learning university,0.5666666666666667,Positive
suitable for sports,0.55,Positive
beautiful,0.85,Positive
i'm grateful to this university for accepting my contribution but i don't expect anything more from you um,0.5,Positive
proud campus,0.8,Positive
university is quite spacious with a fairly cool air not too many car parking on the main roadside,0.33888888888888885,Positive
one of the best universities,1.0,Positive
i miss my beloved campus which is cool and fun,0.44999999999999996,Positive
one of the best state universities in indonesia has been one of the finalists in the national pimnas in recent years,0.5,Positive
the best thing is that it's cool and comfortable when walking back and forth haha,0.39,Positive
even though there are many study programs other than education the education campus is very experienced in managing education study programs,0.4583333333333333,Positive
my place to gain knowledge hopefully what i get here will be useful in my life,0.3,Positive
the building is very magnificent,1.0,Positive
malang state university a university that is still shady because there are lots of trees giving the impression of being beautiful and cool,0.31666666666666665,Positive
studying at um is really fun,0.3,Positive
a place where someone processes to make their dreams come true,0.35,Positive
good,0.7,Positive
spacious and comfortable many faculties and departments and study programs are accredited a,0.45,Positive
hopefully the proud campus of malang state university will increasingly become the best educational campus,0.6833333333333332,Positive
um yes my campus people are good hehehe,0.7,Positive
very good for seeking knowledge,0.9099999999999999,Positive
the biggest university in malang after brawijaya university this university also under government located in front of malang town square so if you study here if you get bored or looking some food for lunch you can across to malang town square take hangout or lunch or buy something,-0.5,Negative
one of the best campuses in indonesia,1.0,Positive
the most comfortable campus especially the most comfortable mathematics faculty makes it difficult to move on,0.21666666666666665,Positive
a beautiful and comfortable campus with wifi access for students,0.625,Positive
the campus is quite large and there are lots of green areas,0.007142857142857131,Positive
um is a campus that has the first pancasila laboratory in indonesia,0.25,Positive
very beautiful and lots of big trees and lots of air and the air is so cool,0.45,Positive
a campus with accreditation is one of the best and highest quality campuses,1.0,Positive
quite a large campus,0.21428571428571427,Positive
my campus is really great haha,0.5,Positive
full of memories,0.35,Positive
beloved campus which is becoming more and more advanced day by day,0.51,Positive
um one of the best universities in indonesia,1.0,Positive
"the shady campus which can be called a ""campus in a garden"" is suitable for studying",0.15000000000000002,Positive
one of the best universities in malang,1.0,Positive
strategic location cool and spacious,0.35,Positive
a great campus that creates future generations,0.4,Positive
favorite campus one of the campuses in malang city that is worth considering,0.4,Positive
one of the educational campuses that produces teacher graduates in malang,0.25,Positive
a place to learn find contacts gather with friends find new experiences and paths,0.13636363636363635,Positive
one of the best campuses for producing educators in indonesia,1.0,Positive
this beautiful place is very suitable for the world of education especially students,0.5216666666666666,Positive
clean and tidy wide streets,0.2888888888888889,Positive
there are so many online locations out of doorok,0.5,Positive
the campus where i study is very comfortable,0.52,Positive
cool shady really comfortable university,0.16666666666666666,Positive
one of the best state universities in malang city,1.0,Positive
nice place clean comfortable environment,0.45555555555555555,Positive
there are many scholarships and it is known as a wellknown teaching college,0.5,Positive
previously this location was known as the beach field,-0.16666666666666666,Negative
state campus with top accreditation expert lecturers relatively affordable tuition fees,0.25,Positive
a comfortable place to do assignments in a beautiful atmosphere,0.625,Positive
"""the server is bad because it's old""",-0.29999999999999993,Negative
cool,0.35,Positive
a place to seek knowledge clean orderly lots of positive student activities,0.296969696969697,Positive
one of the best university in indonesia,1.0,Positive
the wifi is only smooth in the rectorate and central library,0.13333333333333333,Positive
less parking space in fe,-0.16666666666666666,Negative
the place is comfortable cool lots of shady trees,0.16666666666666666,Positive
good but you have to pay attention to how the results of your education are realized in the field,0.7,Positive
many students' favorite campus because it is a state university and quality facilities,0.5,Positive
cool spacious campus,0.35,Positive
a comfortable cool campus with complete facilities,0.2833333333333333,Positive
my beloved campus always misses me,0.7,Positive
a very cool and beautiful place lots of ups and downs have been had here,0.6525,Positive
i like this university because the university is very good basically top bingits,0.705,Positive
good university you can have a lot of experience comfort place to study and also have a fresh air,0.5,Positive
a comfortable cool beautiful and beautiful campus in the park,0.6125,Positive
one of the very famous and good universities in malang with very complete facilities,0.49333333333333335,Positive
the campus where i study and where i work i love um,0.5,Positive
the best state university in malang because it was the place which help grown up sooooo weelllll,1.0,Positive
okay,0.5,Positive
i can become a person with more potential because um,0.25,Positive
my first home for hours is here,0.25,Positive
the best state university in malang city,1.0,Positive
good place to get some various learning experience,0.35,Positive
it's good i used to study there now the infrastructure is even better,0.6,Positive
the campus area is clean and really supports education,0.2833333333333333,Positive
i often pass through here usually i enter at the veterans gate and then exit through the main gate um,-0.04166666666666667,Negative
the campus is nice and has a comfortable beautiful atmosphere,0.6166666666666667,Positive
the lecture and assessment process is truly ideal,0.9,Positive
the location is spacious the parking area is okay the place is good,0.6,Positive
valuable experience and friends are sure to be gained as well as knowledge,0.5,Positive
the campus area is ok,0.5,Positive
beloved campus with a culture of good manners,0.7,Positive
i used to study here the best is the point,1.0,Positive
nice neat comfortable the best heheh,0.6666666666666666,Positive
neatly clean and the building has old style characteristics,0.23333333333333334,Positive
the nuances of a beautiful learning place,0.85,Positive
the rooftop fe is good for hanging out while studying,0.7,Positive
um you still have to develop and maintain your main advantages,0.16666666666666666,Positive
the campus is shady and comfortable and the environment is supportive for students,0.21666666666666667,Positive
a cool university in the middle of an increasingly hot city,0.19999999999999998,Positive
nice and keep up the good work,0.6499999999999999,Positive
cool and comfortable green campus,0.18333333333333335,Positive
um the modern campus is getting cooler,0.2,Positive
best campus,1.0,Positive
east java's best educational campus producing future educators,0.4166666666666667,Positive
the right and comfortable place to study and comfortable to work,0.36190476190476195,Positive
the quality of the graduates has been proven right up to kindergarten,0.2857142857142857,Positive
very clean and kinda environmentally friendly lots of trees lots of love,0.4505555555555556,Positive
a university that is comfortable and full of the cool feeling of being on campus itself,0.3666666666666667,Positive
it's good if you can do it according to the facilities you get,0.7,Positive
where i study there are lots of good spits for photography,0.7,Positive
the place is really nice very comfortable to be there,0.56,Positive
a state university that prioritizes educational development the learning university,0.25,Positive
good,0.7,Positive
there are starting to be lots of buildings that are disabled friendly nice,0.19374999999999998,Positive
um campus where generations of the nation have been molded by many expert lecturers,0.5,Positive
"malang state university where i am currently studying i hope i can really do it""",0.1,Positive
beautiful spacious campus,0.85,Positive
nice spacious and comfortable still a beautiful place,0.6166666666666667,Positive
learning university is one of the best state campuses in the city of malang,1.0,Positive
it was really fun studying here and lots of memories,0.3,Positive
the cool campus has lots of fruit plants,0.35,Positive
one of the best campuses in indonesia,1.0,Positive
malang state university is very good for the world of education in indonesia,0.9099999999999999,Positive
one of the best universities in indonesia,1.0,Positive
nice place friendly people,0.4875,Positive
increasingly advanced generation of the nation,0.4,Positive
here i found a silly friend i had never met before,-0.5,Negative
respectable tertiary education provider with a long history of teaching excellence,0.225,Positive
the campus is so wide i have memories here,-0.1,Negative
beloved campus lots of memories with friends on campus,0.7,Positive
like most campus areas it is quite comfortable and decent,0.35555555555555557,Positive
i really want to be able to study here greetings from pekanbaru students,0.35,Positive
the road is complicated but the building is good recommended for prospective new students,0.11212121212121211,Positive
the campus environment is spacious and comfortable,0.4,Positive
really loveee,0.2,Positive
incredibly helpful,0.9,Positive
beautiful campus and currently building multistorey buildings,0.425,Positive
cool and comfortable place,0.375,Positive
good service and thank god the process was fast today,0.44999999999999996,Positive
the location front of big mall in the central of malang city good enough to study shopping,0.175,Positive
my campus is a very spacious and beautiful place to study,0.525,Positive
a quite comfortable place to continue your education,0.4,Positive
on weekend afternoons it's quiet and the atmosphere is comfortable,0.2,Positive
the university is large the food is cheap and the people are friendly,0.32976190476190476,Positive
is a campus that used to be a poor teacher's office now it is extraordinary,-0.033333333333333354,Negative
the most comfortable and cool campus,0.4166666666666667,Positive
the campus environment is beautiful and neat,0.85,Positive
one of the most popular universities in east java with quality graduates,0.55,Positive
good the building is sturdy,0.7,Positive
if from sukorejo cendono how many hours do i need,0.5,Positive
good campus at malang city,0.7,Positive
god willing this year i will be one of the female students here,0.125,Positive
universities with the best education rankings,1.0,Positive
a very appropriate place to gain knowledge,0.65,Positive
um there is a new study program namely informatics engineering you know,0.13636363636363635,Positive
here i studied and made lots of cool friends,0.35,Positive
extraordinary,0.3333333333333333,Positive
best place for preparing professional teachers especially for english teacher the best one,0.42000000000000004,Positive
amazing campus not at all sad,0.050000000000000044,Positive
beautiful campus,0.85,Positive
i didn't pass but thank god i will pass quickly,0.3333333333333333,Positive
what can i say one of the best universities in indonesia,1.0,Positive
one of the best campuses in indonesia,1.0,Positive
"beloved alma mater state university of malang we proud you ""our university""",0.75,Positive
incredibly majestic,0.9,Positive
i love malang state university it's so sweet you know,0.425,Positive
the best place to study education,1.0,Positive
good broad complete health protocols,0.2875,Positive
a campus that produces superior seeds for future progress,0.35,Positive
clean beautiful spacious,0.6083333333333334,Positive
comfortable beautiful clean,0.5388888888888889,Positive
spacious clean neat,0.3666666666666667,Positive
beloved campus,0.7,Positive
well accredited and extraordinary,0.3333333333333333,Positive
very good,0.9099999999999999,Positive
cool campus in the city forest,0.35,Positive
the place is clean a dream campus,0.3666666666666667,Positive
the place is cool and calm and very conducive for studying,0.2833333333333334,Positive
trusted new campus address see you,0.13636363636363635,Positive
the biggest univ in malang after ub good place easy from traffic,0.5666666666666667,Positive
comfortable studying at umasri,0.4,Positive
good,0.7,Positive
i live in a dormitory nearby right behind the preschool class,0.007359307359307343,Positive
the best and most educational university in malang,0.5833333333333334,Positive
the best campus for prospective educators,1.0,Positive
ft um terutama pti c is the best,1.0,Positive
good,0.7,Positive
the lecturers here pay attention especially those who have experienced it,0.4,Positive
a beautiful campus with a very supportive educational climate,0.5833333333333334,Positive
beautiful campus which made me fail to move on,0.175,Positive
good universities in malang produce professional teachers in their fields,0.39999999999999997,Positive
i love state university of malang and i proud to be student in here state university of malang,0.65,Positive
good wes tree e,0.7,Positive
um more and more development is progressing,0.5,Positive
beloved campus with a million stories and dramas,0.7,Positive
studying here thank god the knowledge is useful,0.3,Positive
usually a place to take photos of new students,-0.05681818181818182,Negative
dimalang campus is very good for studying,0.9099999999999999,Positive
a comfortable and beautiful place to study at night,0.625,Positive
the campus is big not as narrow as the campus next door,-0.06666666666666667,Negative
difficult to find information on the location of the building,-0.5,Negative
this malang state university has a large beautiful and proud campus,0.6214285714285714,Positive
this is the latest,0.5,Positive
state educational prospective universities,0.25,Positive
i hope my address will be more successful,0.625,Positive
this university is really cool,0.35,Positive
epic but why is it being changed again,0.1,Positive
comfortable and cool campus,0.375,Positive
one of the best universities in malang,1.0,Positive
now it's much better,0.5,Positive
the best educational campus,0.625,Positive
comfortable campus and good facilities,0.55,Positive
stable clean and orderly security,0.3666666666666667,Positive
great more orders are ok,0.6,Positive
a place where i learned many things,0.5,Positive
top,0.5,Positive
i am truly proud to study at malang state university,0.8,Positive
very good,0.9099999999999999,Positive
the beautiful state university of malang is here to stop by,0.85,Positive
the right place to gain knowledge,0.2857142857142857,Positive
kangrn to malang a life journey full of history,0.35,Positive
one of the most favorite universities in the city of malang,0.5,Positive
the learning university is the best by adp ',1.0,Positive
good orderly and good quality,0.7,Positive
my campus is the campus of successful children,0.75,Positive
full of meaning for graduates of this campus,0.35,Positive
best educational campus,0.625,Positive
research center and educate the younger generation,-0.05,Negative
neat clean green,0.08333333333333334,Positive
very good place to study,0.9099999999999999,Positive
the place is beautiful so it is comfortable to study,0.625,Positive
i can't believe i've been on this campus for a long time,-0.05,Negative
good service on time,0.7,Positive
i am proud to study at independent university,0.4,Positive
i am very happy to return to this campus,1.0,Positive
nice and cool,0.475,Positive
comfortable campus,0.4,Positive
proud to be an alumni of the faculty of economics state university of malang,0.8,Positive
good for a morning walk,0.7,Positive
popular universities in malang,0.6,Positive
this legendary university was called ikip malang,1.0,Positive
i went home and felt really tired,-0.4,Negative
it's nice because it's my campus,0.6,Positive
free covid vaccine,0.4,Positive
good,0.7,Positive
beautiful,0.85,Positive
the best and most advanced state universities in indonesia,0.6333333333333333,Positive
the most beautiful place in history,0.675,Positive
i've attended a seminar here the people are friendly,0.375,Positive
pkpt tastes amazing,0.6000000000000001,Positive
a good campus for education,0.7,Positive
really fast service,0.2,Positive
okay always success,0.4,Positive
malang state university is cool,0.35,Positive
state campus with excellent facilities,1.0,Positive
comfortable and safe learning atmosphere,0.45,Positive
one of the best state universities in malang city,1.0,Positive
a beautiful and comfortable campus for studying,0.625,Positive
better educated,0.5,Positive
really cool,0.35,Positive
beautiful but i've been ghosted,0.85,Positive
favorite,0.5,Positive
a place to speak good and correct language,0.7,Positive
the campus is comfortable for studying,0.4,Positive
nice educational campus and lots of parks,0.425,Positive
my beloved campus,0.7,Positive
mahasantuy university with other kesantuyan,-0.125,Negative
this campus is best learning university,1.0,Positive
one of the most favorite campuses in east java,0.5,Positive
beloved campus,0.7,Positive
most comfortable campus,0.45,Positive
beloved campus,0.7,Positive
beloved special um campus,0.5285714285714286,Positive
the campus is cool and the view is nice,0.475,Positive
beloved work campus,0.7,Positive
campus that produces professional teaching staff,0.1,Positive
not malang high school but malang state university,0.16,Positive
nice shady place to teach,0.175,Positive
comfortable,0.4,Positive
that's fine,0.4166666666666667,Positive
best campus y,1.0,Positive
nice,0.6,Positive
great boss continued success,0.55,Positive
the best educational campus in malang,0.625,Positive
the complex is spacious and clean and beautiful,0.3055555555555556,Positive
my beloved campus,0.7,Positive
comfortable and beautiful campus,0.625,Positive
"the proud campus of ""state university of malang""",0.8,Positive
good place nice view around,0.6499999999999999,Positive
my beloved campus,0.7,Positive
steady and comfortable place,0.2833333333333333,Positive
malang state university engineering faculty okay,0.5,Positive
cool place to study,0.35,Positive
easy and comfortable access,0.4166666666666667,Positive
comfortable place to study,0.4,Positive
very good,0.9099999999999999,Positive
best campus,1.0,Positive
malang state university this university is good,0.7,Positive
the best teacher producing university in malang city,1.0,Positive
beloved campus,0.7,Positive
printer of competent prospective educators,0.5,Positive
it is a good university for teachers' learning,0.7,Positive
reasonable,0.2,Positive
the road map is confusing,-0.3,Negative
very spacious and beautiful,0.525,Positive
good college,0.7,Positive
met a lot of super people here,0.3333333333333333,Positive
beloved campus,0.7,Positive
superior and best universities in indonesia,0.85,Positive
this place is very nice and beautiful,0.815,Positive
it's not difficult to find,0.25,Positive
amazing change bingitz,0.6000000000000001,Positive
meeting old friends,0.1,Positive
beautiful and superior,0.7749999999999999,Positive
great,0.8,Positive
the campus is comfortable spacious and nice,0.5,Positive
good campus,0.7,Positive
comfortable place to study,0.4,Positive
majestic really is the learning university,0.2,Positive
proud to be part of this university,0.8,Positive
really cool,0.35,Positive
wide organized and shady,-0.175,Negative
highly recommended state college,0.16,Positive
everyone's favorite campus,0.5,Positive
one of best state university in malang,1.0,Positive
ok,0.5,Positive
hopefully more humanistic and victorious,0.5,Positive
the campus is very clean adeemmm,0.47666666666666674,Positive
i really hope to study at um,0.2,Positive
steady soul,0.16666666666666666,Positive
a university where people are successful,0.75,Positive
good job,0.7,Positive
sweet memories campus,0.35,Positive
beloved campus,0.7,Positive
more fun to learn,0.4,Positive
beloved campus,0.7,Positive
beloved campus,0.7,Positive
i want to be a new student,0.13636363636363635,Positive
really good,0.7,Positive
beloved campus,0.7,Positive
beloved um campus,0.7,Positive
favorite university in malang,0.5,Positive
my beloved campus,0.7,Positive
the campus is for successful people,0.75,Positive
really top,0.5,Positive
yes what yes the answer is good,0.7,Positive
campus ok,0.5,Positive
one of best university in indonesia,1.0,Positive
good like ub,0.7,Positive
proud to have studied here,0.8,Positive
the place is really spacious,0.2,Positive
good and wide university,0.3,Positive
um our beloved,0.7,Positive
beloved campus,0.7,Positive
very friendly,0.48750000000000004,Positive
just a normal monument,0.15,Positive
beloved campus,0.7,Positive
malang state university main campus building,0.16666666666666666,Positive
ready to order from aqua,0.2,Positive
my beloved university,0.7,Positive
good placegood ide for indonesia,0.7,Positive
great place,0.8,Positive
the best and most comfortable university,0.6333333333333333,Positive
malang state university main campus jl semarang no,0.16666666666666666,Positive
good campus,0.7,Positive
the campus is very good,0.9099999999999999,Positive
great environment to study,0.8,Positive
most popular university in malang,0.55,Positive
beautiful and charming place,0.7749999999999999,Positive
beloved educational campus,0.475,Positive
need a clear direction for parking lot,0.10000000000000002,Positive
beloved campus,0.7,Positive
best campus,1.0,Positive
it is a good place yo study,0.7,Positive
great university at malang,0.8,Positive
the best place to learn in knowledge of education,1.0,Positive
chilling,-0.5,Negative
extraordinary,0.3333333333333333,Positive
comfortable the lecturer is friendly,0.3875,Positive
awesome,1.0,Positive
good,0.7,Positive
yeah that's cool,0.35,Positive
wide,-0.1,Negative
i really want to study here,0.2,Positive
very spacious and comfortable,0.30000000000000004,Positive
beloved university,0.7,Positive
good,0.7,Positive
continued success um,0.3,Positive
most comfortable campus,0.45,Positive
where to find a particular lecturer,0.16666666666666666,Positive
favorite college place,0.5,Positive
there's a music major,0.0625,Positive
very beautiful,1.0,Positive
great um,0.8,Positive
educational campus in malang city,0.25,Positive
service is less transparent,-0.16666666666666666,Negative
really okay,0.5,Positive
lots of cute cats,0.5,Positive
the best state university in malang city,1.0,Positive
nice campus,0.6,Positive
beautiful place,0.85,Positive
most beautiful places,0.675,Positive
great,0.8,Positive
easy to find the location,0.43333333333333335,Positive
beloved campus,0.7,Positive
beloved alma mater,0.7,Positive
ok,0.5,Positive
cool and academically cool,0.35,Positive
handsome,0.5,Positive
this place is cool,0.35,Positive
beloved campus,0.7,Positive
hmm that's good too,0.7,Positive
this is very satisfying,0.65,Positive
right spot to prove you are in the university of malang,0.2857142857142857,Positive
the best education university ever,1.0,Positive
the best,1.0,Positive
the style is great,0.8,Positive
very lovely college,0.65,Positive
the monument is very beautiful,1.0,Positive
i love one,0.5,Positive
very good,0.9099999999999999,Positive
now it's not as bad as it used to be,-0.6999999999999998,Negative
the facilities are complete,0.1,Positive
the favorite campus in malang,0.5,Positive
beautiful and neat clean and comfortable,0.5388888888888889,Positive
nice and clean,0.48333333333333334,Positive
complicated bureaucracy,-0.5,Negative
very helpful,0.2,Positive
favorite university in malang city,0.5,Positive
good,0.7,Positive
first campus,0.25,Positive
campus with complete facilities,0.1,Positive
good d,0.7,Positive
educational campus,0.25,Positive
beloved green campus,0.24999999999999997,Positive
very many,0.65,Positive
wonderful campuss,1.0,Positive
very beautiful,1.0,Positive
very good,0.9099999999999999,Positive
my favorite campus,0.5,Positive
beautiful,0.85,Positive
really good,0.7,Positive
so good,0.7,Positive
thin gas rating is thin,-0.4,Negative
yeah okay,0.5,Positive
cool friendly and go green,0.17499999999999996,Positive
great campus,0.8,Positive
extraordinary,0.3333333333333333,Positive
very love with this university,0.65,Positive
malang state university main campus,0.16666666666666666,Positive
new rectorate building,0.13636363636363635,Positive
beloved alma mater,0.7,Positive
good place dor study,0.7,Positive
asri is a friendly person,0.375,Positive
wide,-0.1,Negative
i love university of malang,0.5,Positive
comfortable place for study,0.4,Positive
this is a center college of state university of malang,-0.1,Negative
beloved campus,0.7,Positive
steady soul,0.16666666666666666,Positive
beloved campus,0.7,Positive
beloved campus,0.7,Positive
beloved campus,0.7,Positive
malang state university is cool,0.35,Positive
cool campus,0.35,Positive
my beloved campus,0.7,Positive
quite hot,0.25,Positive
my future university good morning,0.35,Positive
great,0.8,Positive
malang city is very beautiful,1.0,Positive
malang state university main campus,0.16666666666666666,Positive
very helpful,0.2,Positive
steady soul,0.16666666666666666,Positive
shady and beautiful,0.3,Positive
best learning university,1.0,Positive
the best,1.0,Positive
spacious and still beautiful,0.85,Positive
good,0.7,Positive
it's crazy it's really successful um,0.07500000000000001,Positive
malang state university main campus,0.16666666666666666,Positive
educational campus,0.25,Positive
exciting,0.3,Positive
complete facilities,0.1,Positive
beloved,0.7,Positive
a place full of memories,0.35,Positive
y's proud campus,0.8,Positive
nice place to study,0.6,Positive
extraordinary,0.3333333333333333,Positive
extraordinary,0.3333333333333333,Positive
always successful,0.75,Positive
good,0.7,Positive
love it,0.5,Positive
good,0.7,Positive
clean,0.3666666666666667,Positive
clean,0.3666666666666667,Positive
comfortable campus,0.4,Positive
proud campus,0.8,Positive
um beloved,0.7,Positive
cold,-0.6,Negative
proud alma mater,0.8,Positive
beautiful and shady,0.3,Positive
high place,0.16,Positive
good campus,0.7,Positive
good,0.7,Positive
good,0.7,Positive
cold,-0.6,Negative
good,0.7,Positive
the best of malang state university,1.0,Positive
good,0.7,Positive
good university y,0.7,Positive
wide,-0.1,Negative
comfortable for study,0.4,Positive
great,0.8,Positive
good,0.7,Positive
i love one,0.5,Positive
clean,0.3666666666666667,Positive
fun,0.3,Positive
great,0.8,Positive
comfortable,0.4,Positive
comfortable,0.4,Positive
ok,0.5,Positive
good,0.7,Positive
fast internet place,0.2,Positive
nice campus,0.6,Positive
good,0.7,Positive
this place is so good,0.7,Positive
comfortable atmosphere,0.4,Positive
really good place,0.7,Positive
great,0.8,Positive
normal,0.15,Positive
shady,-0.25,Negative
love it,0.5,Positive
love it,0.5,Positive
loved it,0.7,Positive
this is a good university,0.7,Positive
good,0.7,Positive
loved it,0.7,Positive
good,0.7,Positive
favorite campus,0.5,Positive
ok,0.5,Positive
good,0.7,Positive
good,0.7,Positive
the best learning university,1.0,Positive
favorite university,0.5,Positive
good,0.7,Positive
good,0.7,Positive
the best one college,1.0,Positive
nice university,0.6,Positive
top,0.5,Positive
nice place to study,0.6,Positive
nice campus,0.6,Positive
proud campus,0.8,Positive
spacious green and nostalgic,-0.35,Negative
good,0.7,Positive
ok,0.5,Positive
favorite campus,0.5,Positive
good campus,0.7,Positive
good,0.7,Positive
nice library,0.6,Positive
good,0.7,Positive
amazing,0.6000000000000001,Positive
ok,0.5,Positive
maii favorite university,0.5,Positive
nice,0.6,Positive
the best campus,1.0,Positive
um is the best,1.0,Positive
good,0.7,Positive
best,1.0,Positive
amazing,0.6000000000000001,Positive
amazing,0.6000000000000001,Positive
good,0.7,Positive
nice,0.6,Positive
good,0.7,Positive
wow,0.1,Positive
good,0.7,Positive
love to study here,0.5,Positive
educational place,0.25,Positive
educational campus,0.25,Positive
excellent,1.0,Positive
great,0.8,Positive
great campus,0.8,Positive
nice,0.6,Positive
good,0.7,Positive
lovely place,0.5,Positive
excellent,1.0,Positive
best picture,1.0,Positive
great lectures,0.8,Positive
um is the best,1.0,Positive
pleasant,0.7333333333333333,Positive
good campus,0.7,Positive
lovely place,0.5,Positive
have fun,0.3,Positive
cool university,0.35,Positive
pleasant,0.7333333333333333,Positive
i loved it,0.7,Positive
enjoy place,0.4,Positive
nice place,0.6,Positive
the real university,0.2,Positive
best university,1.0,Positive
proud university,0.8,Positive
poor stt,-0.4,Negative
best and best,1.0,Positive
cool university,0.35,Positive
good university,0.7,Positive
proud university,0.8,Positive
good university,0.7,Positive
good university,0.7,Positive
good place,0.7,Positive
nice place,0.6,Positive
cool university,0.35,Positive
good university,0.7,Positive
nice place,0.6,Positive
perfect education,1.0,Positive
nice university,0.6,Positive
top universities,0.5,Positive
the good university,0.7,Positive
good university,0.7,Positive
my campus is good,0.7,Positive
find your abilities and hone them god willing become the best let's go,0.625,Positive
if there is a well in the field can i take a bath if there is a long life,-0.05,Negative
i like the shady and cool garden on the west side of this place,0.04999999999999999,Positive
campus that produces the nation's education to produce future leaders hopefully they will be even more successful,0.4166666666666667,Positive
sorry forgive,-0.5,Negative
for my beloved dictionary is always the best,0.85,Positive
there are so many unforgettable memories of educational knowledge,0.5166666666666667,Positive
spacious cool location,0.35,Positive
great favorite place,0.65,Positive
i want to be a new student here',0.13636363636363635,Positive
beautiful and cool air,0.6,Positive
campus in the park is cool,0.35,Positive
cold is good for studying,0.04999999999999999,Positive
very effective,0.78,Positive
very beautiful cool,0.675,Positive
my place to learn new things,0.13636363636363635,Positive
um young campus,0.1,Positive
full of memories,0.35,Positive
christ is ready to pass amen,0.2,Positive
so sad,-0.5,Negative
um cool,0.35,Positive
that is cool,0.35,Positive
comfortable cool friendly,0.375,Positive
beautiful and beautiful,0.85,Positive
beautiful campus,0.85,Positive
good,0.7,Positive
best campus,1.0,Positive
um it's special,0.35714285714285715,Positive
